link,link/_text,link/_title,item_link,item_link/_text,item_link/_title,itemlink_image,itemlink_image/_alt,item_price,priceitem_number,installmentsquantity_number,mesesde_label,text_price,pricetext_number,envogratis_label,envogratis_value,envogratis_value_numbers,distrito_label
"http://articulo.mercadolibre.com.mx/MLM-571496243-videojuego-aventura-pokemon-sun-moon-nintendo-3ds-gamer-_JM","Videojuego Aventura Pokemon Sun + Moon Nintendo 3ds Gamer","","http://articulo.mercadolibre.com.mx/MLM-571496243-videojuego-aventura-pokemon-sun-moon-nintendo-3ds-gamer-_JM","","","https://http2.mlstatic.com/videojuegos-D_Q_NP_563515-MLM25247901864_122016-H.jpg","Videojuego Aventura Pokemon Sun + Moon Nintendo 3ds Gamer","2299","0","12","meses de","227","12","Envío gratis","1 vendido","1","Distrito Federal"
"http://articulo.mercadolibre.com.mx/MLM-571496205-videojuego-figura-pokemon-moon-lunala-nintendo-3ds-gamer-_JM","Videojuego + Figura Pokemon Moon Lunala Nintendo 3ds Gamer","","http://articulo.mercadolibre.com.mx/MLM-571496205-videojuego-figura-pokemon-moon-lunala-nintendo-3ds-gamer-_JM","","","https://http2.mlstatic.com/videojuegos-D_Q_NP_160615-MLM25247902822_122016-H.jpg","Videojuego + Figura Pokemon Moon Lunala Nintendo 3ds Gamer","1199","0","12","meses de","118","45","Envío gratis","10 vendidos","10","Distrito Federal"
"http://articulo.mercadolibre.com.mx/MLM-574981935-consola-videojuegos-nintendo-switch-ccontroles-joy-con-gris-_JM","Consola Videojuegos Nintendo Switch C/controles Joy-con Gris","","http://articulo.mercadolibre.com.mx/MLM-574981935-consola-videojuegos-nintendo-switch-ccontroles-joy-con-gris-_JM","","","https://http2.mlstatic.com/nintendos-D_Q_NP_491125-MLM25378584077_022017-H.jpg","Consola Videojuegos Nintendo Switch C/controles Joy-con Gris","9999","0","12","meses de","987","82","Envío gratis","2 vendidos","2","Distrito Federal"
"http://articulo.mercadolibre.com.mx/MLM-571496352-videojuego-super-mario-galaxy-2-nintendo-selects-wii-gamer-_JM","Videojuego Super Mario Galaxy 2 Nintendo Selects Wii Gamer","","http://articulo.mercadolibre.com.mx/MLM-571496352-videojuego-super-mario-galaxy-2-nintendo-selects-wii-gamer-_JM","","","https://http2.mlstatic.com/videojuegos-D_Q_NP_648515-MLM25247908110_122016-H.jpg","Videojuego Super Mario Galaxy 2 Nintendo Selects Wii Gamer","599","0","12","meses de","59","18","Envío gratis","5 vendidos","5","Distrito Federal"
"http://articulo.mercadolibre.com.mx/MLM-571496341-videojuego-pokemon-pokken-tournament-nintendo-wii-u-_JM","Videojuego Pokemon Pokken Tournament Nintendo Wii U","","http://articulo.mercadolibre.com.mx/MLM-571496341-videojuego-pokemon-pokken-tournament-nintendo-wii-u-_JM","","","https://http2.mlstatic.com/videojuegos-D_Q_NP_252515-MLM25247908108_122016-H.jpg","Videojuego Pokemon Pokken Tournament Nintendo Wii U","1399","0","12","meses de","138","21","Envío gratis","3 vendidos","3","Distrito Federal"
"http://articulo.mercadolibre.com.mx/MLM-571496377-videojuego-super-mario-all-stars-nintendo-selects-wii-_JM","Videojuego Super Mario All Stars Nintendo Selects Wii","","http://articulo.mercadolibre.com.mx/MLM-571496377-videojuego-super-mario-all-stars-nintendo-selects-wii-_JM","","","https://http2.mlstatic.com/videojuegos-D_Q_NP_771515-MLM25247901959_122016-H.jpg","Videojuego Super Mario All Stars Nintendo Selects Wii","599","0","12","meses de","59","18","Envío gratis","4 vendidos","4","Distrito Federal"
"http://articulo.mercadolibre.com.mx/MLM-571496257-figura-amiibo-mario-bros-retro-moderno-30th-nintendo-wii-u-_JM","Figura Amiibo Mario Bros Retro Moderno 30th Nintendo Wii U","","http://articulo.mercadolibre.com.mx/MLM-571496257-figura-amiibo-mario-bros-retro-moderno-30th-nintendo-wii-u-_JM","","","https://http2.mlstatic.com/amiibo-nintendo-D_Q_NP_107515-MLM25247909027_122016-H.jpg","Figura Amiibo Mario Bros Retro Moderno 30th Nintendo Wii U","349","0","12","meses de","34","48","Envío gratis","1 vendido","1","Distrito Federal"
"http://articulo.mercadolibre.com.mx/MLM-571496430-videojuego-yo-kai-watch-nintendo-3ds-gamer-_JM","Videojuego Yo-kai Watch Nintendo 3ds Gamer","","http://articulo.mercadolibre.com.mx/MLM-571496430-videojuego-yo-kai-watch-nintendo-3ds-gamer-_JM","","","https://http2.mlstatic.com/videojuegos-D_Q_NP_986515-MLM25247906739_122016-H.jpg","Videojuego Yo-kai Watch Nintendo 3ds Gamer","999","0","12","meses de","98","69","Envío gratis","4 vendidos","4","Distrito Federal"
"http://articulo.mercadolibre.com.mx/MLM-571496322-videojuego-minecraft-nintendo-wii-u-standard-edition-gamer-_JM","Videojuego Minecraft Nintendo Wii U Standard Edition Gamer","","http://articulo.mercadolibre.com.mx/MLM-571496322-videojuego-minecraft-nintendo-wii-u-standard-edition-gamer-_JM","","","https://http2.mlstatic.com/videojuegos-D_Q_NP_354515-MLM25247906661_122016-H.jpg","Videojuego Minecraft Nintendo Wii U Standard Edition Gamer","749","0","12","meses de","73","99","Envío gratis","3 vendidos","3","Distrito Federal"
"http://articulo.mercadolibre.com.mx/MLM-574980109-juego-the-legend-of-zelda-breath-of-the-wild-nintendo-switch-_JM","Juego The Legend Of Zelda Breath Of The Wild Nintendo Switch","","http://articulo.mercadolibre.com.mx/MLM-574980109-juego-the-legend-of-zelda-breath-of-the-wild-nintendo-switch-_JM","","","https://http2.mlstatic.com/videojuegos-D_Q_NP_793125-MLM25378527240_022017-H.jpg","Juego The Legend Of Zelda Breath Of The Wild Nintendo Switch","1599","0","12","meses de","157","97","Envío gratis","2 vendidos","2","Distrito Federal"
"http://articulo.mercadolibre.com.mx/MLM-571496421-videojuego-zelda-twilight-princess-nintendo-wii-u-amiibo-_JM","Videojuego Zelda Twilight Princess Nintendo Wii U + Amiibo","","http://articulo.mercadolibre.com.mx/MLM-571496421-videojuego-zelda-twilight-princess-nintendo-wii-u-amiibo-_JM","","","https://http2.mlstatic.com/videojuegos-D_Q_NP_957515-MLM25247909149_122016-H.jpg","Videojuego Zelda Twilight Princess Nintendo Wii U + Amiibo","1399","0","12","meses de","138","21","Envío gratis","2 vendidos","2","Distrito Federal"
"http://articulo.mercadolibre.com.mx/MLM-571496311-videojuego-figura-amiibo-peach-mario-party-10-nintendo-wii-u-_JM","Videojuego Figura Amiibo Peach Mario Party 10 Nintendo Wii U","","http://articulo.mercadolibre.com.mx/MLM-571496311-videojuego-figura-amiibo-peach-mario-party-10-nintendo-wii-u-_JM","","","https://http2.mlstatic.com/videojuegos-D_Q_NP_840615-MLM25247909054_122016-H.jpg","Videojuego Figura Amiibo Peach Mario Party 10 Nintendo Wii U","999","0","12","meses de","98","69","Envío gratis","2 vendidos","2","Distrito Federal"
"http://articulo.mercadolibre.com.mx/MLM-571496296-videojuego-fire-emblem-fates-conquest-nintendo-3ds-standard-_JM","Videojuego Fire Emblem Fates Conquest Nintendo 3ds Standard","","http://articulo.mercadolibre.com.mx/MLM-571496296-videojuego-fire-emblem-fates-conquest-nintendo-3ds-standard-_JM","","","https://http2.mlstatic.com/videojuegos-D_Q_NP_581515-MLM25247901925_122016-H.jpg","Videojuego Fire Emblem Fates Conquest Nintendo 3ds Standard","999","0","12","meses de","98","69","Envío gratis","2 vendidos","2","Distrito Federal"
"http://articulo.mercadolibre.com.mx/MLM-571496445-videojuego-yoshis-woolly-world-nintendo-wii-u-amiibo-azul-_JM","Videojuego Yoshis Woolly World Nintendo Wii U + Amiibo Azul","","http://articulo.mercadolibre.com.mx/MLM-571496445-videojuego-yoshis-woolly-world-nintendo-wii-u-amiibo-azul-_JM","","","https://http2.mlstatic.com/videojuegos-D_Q_NP_601615-MLM25247906754_122016-H.jpg","Videojuego Yoshis Woolly World Nintendo Wii U + Amiibo Azul","999","0","12","meses de","98","69","Envío gratis","3 vendidos","3","Distrito Federal"
"http://articulo.mercadolibre.com.mx/MLM-571496162-figura-amiibo-timmy-tommy-animal-crossing-nintendo-wii-u-_JM","Figura Amiibo Timmy & Tommy Animal Crossing Nintendo Wii U","","http://articulo.mercadolibre.com.mx/MLM-571496162-figura-amiibo-timmy-tommy-animal-crossing-nintendo-wii-u-_JM","","","https://http2.mlstatic.com/amiibo-nintendo-D_Q_NP_284515-MLM25247901813_122016-H.jpg","Figura Amiibo Timmy & Tommy Animal Crossing Nintendo Wii U","299","0","12","meses de","29","54","Envío gratis","2 vendidos","2","Distrito Federal"
"http://articulo.mercadolibre.com.mx/MLM-571496375-videojuego-donkey-kong-country-returns-nintendo-selects-wii-_JM","Videojuego Donkey Kong Country Returns Nintendo Selects Wii","","http://articulo.mercadolibre.com.mx/MLM-571496375-videojuego-donkey-kong-country-returns-nintendo-selects-wii-_JM","","","https://http2.mlstatic.com/videojuegos-D_Q_NP_683515-MLM25247906690_122016-H.jpg","Videojuego Donkey Kong Country Returns Nintendo Selects Wii","599","0","12","meses de","59","18","Envío gratis","3 vendidos","3","Distrito Federal"
"http://articulo.mercadolibre.com.mx/MLM-571496371-videojuego-super-mario-maker-3-nintendo-3ds-gamer-_JM","Videojuego Super Mario Maker 3 Nintendo 3ds Gamer","","http://articulo.mercadolibre.com.mx/MLM-571496371-videojuego-super-mario-maker-3-nintendo-3ds-gamer-_JM","","","https://http2.mlstatic.com/videojuegos-D_Q_NP_558515-MLM25247906689_122016-H.jpg","Videojuego Super Mario Maker 3 Nintendo 3ds Gamer","1099","0","12","meses de","108","57","Envío gratis","1 vendido","1","Distrito Federal"
"http://articulo.mercadolibre.com.mx/MLM-571496405-videojuego-super-mario-maker-nintendo-wii-u-gamer-_JM","Videojuego Super Mario Maker Nintendo Wii U Gamer","","http://articulo.mercadolibre.com.mx/MLM-571496405-videojuego-super-mario-maker-nintendo-wii-u-gamer-_JM","","","https://http2.mlstatic.com/videojuegos-D_Q_NP_600615-MLM25247901971_122016-H.jpg","Videojuego Super Mario Maker Nintendo Wii U Gamer","1399","0","12","meses de","138","21","Envío gratis","1 vendido","1","Distrito Federal"
"http://articulo.mercadolibre.com.mx/MLM-571496300-videojuego-capitan-toad-treasure-tracker-nintendo-wii-u-_JM","Videojuego Capitan Toad: Treasure Tracker Nintendo Wii U","","http://articulo.mercadolibre.com.mx/MLM-571496300-videojuego-capitan-toad-treasure-tracker-nintendo-wii-u-_JM","","","https://http2.mlstatic.com/videojuegos-D_Q_NP_155515-MLM25247906648_122016-H.jpg","Videojuego Capitan Toad: Treasure Tracker Nintendo Wii U","899","0","12","meses de","88","81","Envío gratis","1 vendido","1","Distrito Federal"
"http://articulo.mercadolibre.com.mx/MLM-571496169-figura-amiibo-pac-man-serie-super-smash-bros-nintendo-wii-u-_JM","Figura Amiibo Pac-man Serie Super Smash Bros Nintendo Wii U","","http://articulo.mercadolibre.com.mx/MLM-571496169-figura-amiibo-pac-man-serie-super-smash-bros-nintendo-wii-u-_JM","","","https://http2.mlstatic.com/amiibo-nintendo-D_Q_NP_803515-MLM25247902800_122016-H.jpg","Figura Amiibo Pac-man Serie Super Smash Bros Nintendo Wii U","349","0","12","meses de","34","48","Envío gratis","1 vendido","1","Distrito Federal"
"http://articulo.mercadolibre.com.mx/MLM-571496208-figura-amiibo-luigi-serie-super-mario-bros-nintendo-wii-u-_JM","Figura Amiibo Luigi Serie Super Mario Bros Nintendo Wii U","","http://articulo.mercadolibre.com.mx/MLM-571496208-figura-amiibo-luigi-serie-super-mario-bros-nintendo-wii-u-_JM","","","https://http2.mlstatic.com/amiibo-nintendo-D_Q_NP_479515-MLM25247907137_122016-H.jpg","Figura Amiibo Luigi Serie Super Mario Bros Nintendo Wii U","349","0","12","meses de","34","48","Envío gratis","1 vendido","1","Distrito Federal"
"http://articulo.mercadolibre.com.mx/MLM-571496227-videojuego-animal-crossing-happy-home-designer-nintendo-3ds-_JM","Videojuego Animal Crossing Happy Home Designer Nintendo 3ds","","http://articulo.mercadolibre.com.mx/MLM-571496227-videojuego-animal-crossing-happy-home-designer-nintendo-3ds-_JM","","","https://http2.mlstatic.com/videojuegos-D_Q_NP_335515-MLM25247902840_122016-H.jpg","Videojuego Animal Crossing Happy Home Designer Nintendo 3ds","599","0","12","meses de","59","18","Envío gratis","1 vendido","1","Distrito Federal"
"http://articulo.mercadolibre.com.mx/MLM-571496414-videojuego-yoshis-new-island-nintendo-selects-3ds-_JM","Videojuego Yoshi's New Island Nintendo Selects 3ds","","http://articulo.mercadolibre.com.mx/MLM-571496414-videojuego-yoshis-new-island-nintendo-selects-3ds-_JM","","","https://http2.mlstatic.com/videojuegos-D_Q_NP_563515-MLM25247909152_122016-H.jpg","Videojuego Yoshi","599","0","12","meses de","59","18","Envío gratis","1 vendido","1","Distrito Federal"
"http://articulo.mercadolibre.com.mx/MLM-571496274-videojuego-disney-art-academy-nintendo-3ds-gamer-_JM","Videojuego Disney Art Academy Nintendo 3ds Gamer","","http://articulo.mercadolibre.com.mx/MLM-571496274-videojuego-disney-art-academy-nintendo-3ds-gamer-_JM","","","https://http2.mlstatic.com/videojuegos-D_Q_NP_790515-MLM25247908082_122016-H.jpg","Videojuego Disney Art Academy Nintendo 3ds Gamer","799","0","12","meses de","78","93","Envío gratis","1 vendido","1","Distrito Federal"
"http://articulo.mercadolibre.com.mx/MLM-571496136-accesorio-control-nintendo-wii-remote-plus-version-yoshi-_JM","Accesorio Control Nintendo Wii Remote Plus Version Yoshi","","http://articulo.mercadolibre.com.mx/MLM-571496136-accesorio-control-nintendo-wii-remote-plus-version-yoshi-_JM","","","https://http2.mlstatic.com/nintendo-wii-u-accesorios-controles-wii-remote-D_Q_NP_224515-MLM25247902786_122016-H.jpg","Accesorio Control Nintendo Wii Remote Plus Version Yoshi","1199","0","12","meses de","118","45","Envío gratis","","","Distrito Federal"
"http://articulo.mercadolibre.com.mx/MLM-571496175-videojuego-animal-crossing-new-leaf-nintendo-selects-3ds-_JM","Videojuego Animal Crossing New Leaf Nintendo Selects 3ds","","http://articulo.mercadolibre.com.mx/MLM-571496175-videojuego-animal-crossing-new-leaf-nintendo-selects-3ds-_JM","","","https://http2.mlstatic.com/videojuegos-D_Q_NP_875515-MLM25247907102_122016-H.jpg","Videojuego Animal Crossing New Leaf Nintendo Selects 3ds","599","0","12","meses de","59","18","Envío gratis","1 vendido","1","Distrito Federal"
"http://articulo.mercadolibre.com.mx/MLM-571496320-videojuego-luigis-mansion-dark-moon-nintendo-selects-3ds-_JM","Videojuego Luigi's Mansion Dark Moon Nintendo Selects 3ds","","http://articulo.mercadolibre.com.mx/MLM-571496320-videojuego-luigis-mansion-dark-moon-nintendo-selects-3ds-_JM","","","https://http2.mlstatic.com/videojuegos-D_Q_NP_705515-MLM25247907213_122016-H.jpg","Videojuego Luigi","599","0","12","meses de","59","18","Envío gratis","1 vendido","1","Distrito Federal"
"http://articulo.mercadolibre.com.mx/MLM-571496410-videojuego-super-smash-bros-nintendo-wii-u-gamer-_JM","Videojuego Super Smash Bros Nintendo Wii U Gamer","","http://articulo.mercadolibre.com.mx/MLM-571496410-videojuego-super-smash-bros-nintendo-wii-u-gamer-_JM","","","https://http2.mlstatic.com/videojuegos-D_Q_NP_289515-MLM25247908150_122016-H.jpg","Videojuego Super Smash Bros Nintendo Wii U Gamer","1399","0","12","meses de","138","21","Envío gratis","","","Distrito Federal"
"http://articulo.mercadolibre.com.mx/MLM-571496253-figura-amiibo-tyu-serie-super-smash-bros-nintendo-wii-u-_JM","Figura Amiibo Tyu Serie Super Smash Bros Nintendo Wii U","","http://articulo.mercadolibre.com.mx/MLM-571496253-figura-amiibo-tyu-serie-super-smash-bros-nintendo-wii-u-_JM","","","https://http2.mlstatic.com/amiibo-nintendo-D_Q_NP_277515-MLM25247901870_122016-H.jpg","Figura Amiibo Tyu Serie Super Smash Bros Nintendo Wii U","349","0","12","meses de","34","48","Envío gratis","","","Distrito Federal"
"http://articulo.mercadolibre.com.mx/MLM-571496290-videojuego-carreras-mario-kart-8-nintendo-wii-u-gamer-_JM","Videojuego Carreras Mario Kart 8 Nintendo Wii U Gamer","","http://articulo.mercadolibre.com.mx/MLM-571496290-videojuego-carreras-mario-kart-8-nintendo-wii-u-gamer-_JM","","","https://http2.mlstatic.com/videojuegos-D_Q_NP_285515-MLM25247907182_122016-H.jpg","Videojuego Carreras Mario Kart 8 Nintendo Wii U Gamer","1399","0","12","meses de","138","21","Envío gratis","","","Distrito Federal"
"http://articulo.mercadolibre.com.mx/MLM-574980118-controles-joy-con-izquierdo-derecho-gris-nintendo-switch-_JM","Controles Joy-con Izquierdo & Derecho Gris Nintendo Switch","","http://articulo.mercadolibre.com.mx/MLM-574980118-controles-joy-con-izquierdo-derecho-gris-nintendo-switch-_JM","","","https://http2.mlstatic.com/nintendos-D_Q_NP_357125-MLM25378527249_022017-H.jpg","Controles Joy-con Izquierdo & Derecho Gris Nintendo Switch","2699","0","12","meses de","266","64","Envío gratis","","","Distrito Federal"
"http://articulo.mercadolibre.com.mx/MLM-571496397-videojuego-nintendo-land-selects-nintendo-wii-u-gamer-_JM","Videojuego Nintendo Land Selects Nintendo Wii U Gamer","","http://articulo.mercadolibre.com.mx/MLM-571496397-videojuego-nintendo-land-selects-nintendo-wii-u-gamer-_JM","","","https://http2.mlstatic.com/nintendo-wii-u-accesorios-controles-D_Q_NP_613515-MLM25247907248_122016-H.jpg","Videojuego Nintendo Land Selects Nintendo Wii U Gamer","599","0","12","meses de","59","18","Envío gratis","","","Distrito Federal"
"http://articulo.mercadolibre.com.mx/MLM-571496338-videojuego-figura-amiibo-bowser-mario-party-10-nintendo-wiiu-_JM","Videojuego Figura Amiibo Bowser Mario Party 10 Nintendo Wiiu","","http://articulo.mercadolibre.com.mx/MLM-571496338-videojuego-figura-amiibo-bowser-mario-party-10-nintendo-wiiu-_JM","","","https://http2.mlstatic.com/videojuegos-D_Q_NP_118515-MLM25247902884_122016-H.jpg","Videojuego Figura Amiibo Bowser Mario Party 10 Nintendo Wiiu","999","0","12","meses de","98","69","Envío gratis","","","Distrito Federal"
"http://articulo.mercadolibre.com.mx/MLM-571496076-figura-amiibo-rob-famicom-super-smash-bros-nintendo-wii-u-_JM","Figura Amiibo R.o.b. Famicom Super Smash Bros Nintendo Wii U","","http://articulo.mercadolibre.com.mx/MLM-571496076-figura-amiibo-rob-famicom-super-smash-bros-nintendo-wii-u-_JM","","","https://http2.mlstatic.com/amiibo-nintendo-D_Q_NP_142515-MLM25247902730_122016-H.jpg","Figura Amiibo R.o.b. Famicom Super Smash Bros Nintendo Wii U","349","0","12","meses de","34","48","Envío gratis","","","Distrito Federal"
"http://articulo.mercadolibre.com.mx/MLM-571496376-videojuego-pokemon-super-mystery-dungeon-nintendo-3ds-gamer-_JM","Videojuego Pokemon Super Mystery Dungeon Nintendo 3ds Gamer","","http://articulo.mercadolibre.com.mx/MLM-571496376-videojuego-pokemon-super-mystery-dungeon-nintendo-3ds-gamer-_JM","","","https://http2.mlstatic.com/videojuegos-D_Q_NP_764515-MLM25247909081_122016-H.jpg","Videojuego Pokemon Super Mystery Dungeon Nintendo 3ds Gamer","999","0","12","meses de","98","69","Envío gratis","","","Distrito Federal"
"http://articulo.mercadolibre.com.mx/MLM-571496149-figura-amiibo-ganondorf-super-smash-bros-nintendo-wii-u-_JM","Figura Amiibo Ganondorf Super Smash Bros Nintendo Wii U","","http://articulo.mercadolibre.com.mx/MLM-571496149-figura-amiibo-ganondorf-super-smash-bros-nintendo-wii-u-_JM","","","https://http2.mlstatic.com/amiibo-nintendo-D_Q_NP_655515-MLM25247907089_122016-H.jpg","Figura Amiibo Ganondorf Super Smash Bros Nintendo Wii U","349","0","12","meses de","34","48","Envío gratis","","","Distrito Federal"
"http://articulo.mercadolibre.com.mx/MLM-571496046-accesorio-control-nintendo-wii-remote-plus-version-toad-_JM","Accesorio Control Nintendo Wii Remote Plus Version Toad","","http://articulo.mercadolibre.com.mx/MLM-571496046-accesorio-control-nintendo-wii-remote-plus-version-toad-_JM","","","https://http2.mlstatic.com/nintendo-wii-u-accesorios-controles-wii-remote-D_Q_NP_993515-MLM25247897988_122016-H.jpg","Accesorio Control Nintendo Wii Remote Plus Version Toad","1199","0","12","meses de","118","45","Envío gratis","","","Distrito Federal"
"http://articulo.mercadolibre.com.mx/MLM-571496339-videojuego-nintendo-land-nintendo-wii-u-gamer-_JM","Videojuego Nintendo Land Nintendo Wii U Gamer","","http://articulo.mercadolibre.com.mx/MLM-571496339-videojuego-nintendo-land-nintendo-wii-u-gamer-_JM","","","https://http2.mlstatic.com/nintendo-wii-u-D_Q_NP_460515-MLM25247902886_122016-H.jpg","Videojuego Nintendo Land Nintendo Wii U Gamer","599","0","12","meses de","59","18","Envío gratis","","","Distrito Federal"
"http://articulo.mercadolibre.com.mx/MLM-571496367-videojuego-pokemon-x-nintendo-3ds-gaming-gamer-_JM","Videojuego Pokemon X Nintendo 3ds Gaming Gamer","","http://articulo.mercadolibre.com.mx/MLM-571496367-videojuego-pokemon-x-nintendo-3ds-gaming-gamer-_JM","","","https://http2.mlstatic.com/videojuegos-D_Q_NP_314515-MLM25247902901_122016-H.jpg","Videojuego Pokemon X Nintendo 3ds Gaming Gamer","999","0","12","meses de","98","69","Envío gratis","","","Distrito Federal"
"http://articulo.mercadolibre.com.mx/MLM-571496242-videojuego-aventura-pokemon-sun-nintendo-3ds-gamer-_JM","Videojuego Aventura Pokemon Sun Nintendo 3ds Gamer","","http://articulo.mercadolibre.com.mx/MLM-571496242-videojuego-aventura-pokemon-sun-nintendo-3ds-gamer-_JM","","","https://http2.mlstatic.com/videojuegos-D_Q_NP_819515-MLM25247907152_122016-H.jpg","Videojuego Aventura Pokemon Sun Nintendo 3ds Gamer","1099","0","12","meses de","108","57","Envío gratis","","","Distrito Federal"
"http://articulo.mercadolibre.com.mx/MLM-571496403-videojuego-star-fox-zero-nintendo-wii-u-gamer-_JM","Videojuego Star Fox Zero Nintendo Wii U Gamer","","http://articulo.mercadolibre.com.mx/MLM-571496403-videojuego-star-fox-zero-nintendo-wii-u-gamer-_JM","","","https://http2.mlstatic.com/videojuegos-D_Q_NP_973515-MLM25247901977_122016-H.jpg","Videojuego Star Fox Zero Nintendo Wii U Gamer","1399","0","12","meses de","138","21","Envío gratis","","","Distrito Federal"
"http://articulo.mercadolibre.com.mx/MLM-571496273-videojuego-mario-sonic-rio-2016-olympic-games-nintendo-3ds-_JM","Videojuego Mario & Sonic Rio 2016 Olympic Games Nintendo 3ds","","http://articulo.mercadolibre.com.mx/MLM-571496273-videojuego-mario-sonic-rio-2016-olympic-games-nintendo-3ds-_JM","","","https://http2.mlstatic.com/videojuegos-D_Q_NP_602515-MLM25247908081_122016-H.jpg","Videojuego Mario & Sonic Rio 2016 Olympic Games Nintendo 3ds","999","0","12","meses de","98","69","Envío gratis","","","Distrito Federal"
"http://articulo.mercadolibre.com.mx/MLM-571496306-videojuego-mario-luigi-paper-jam-nintendo-3ds-gamer-_JM","Videojuego Mario & Luigi Paper Jam Nintendo 3ds Gamer","","http://articulo.mercadolibre.com.mx/MLM-571496306-videojuego-mario-luigi-paper-jam-nintendo-3ds-gamer-_JM","","","https://http2.mlstatic.com/videojuegos-D_Q_NP_138515-MLM25247906653_122016-H.jpg","Videojuego Mario & Luigi Paper Jam Nintendo 3ds Gamer","999","0","12","meses de","98","69","Envío gratis","","","Distrito Federal"
"http://articulo.mercadolibre.com.mx/MLM-571496215-figura-amiibo-kappn-serie-animal-crossing-nintendo-wii-u-_JM","Figura Amiibo Kapp'n Serie Animal Crossing Nintendo Wii U","","http://articulo.mercadolibre.com.mx/MLM-571496215-figura-amiibo-kappn-serie-animal-crossing-nintendo-wii-u-_JM","","","https://http2.mlstatic.com/amiibo-nintendo-D_Q_NP_171515-MLM25247908043_122016-H.jpg","Figura Amiibo Kapp","299","0","12","meses de","29","54","Envío gratis","","","Distrito Federal"
"http://articulo.mercadolibre.com.mx/MLM-571496276-videojuego-hyrule-warriors-legends-nintendo-3ds-gamer-_JM","Videojuego Hyrule Warriors Legends Nintendo 3ds Gamer","","http://articulo.mercadolibre.com.mx/MLM-571496276-videojuego-hyrule-warriors-legends-nintendo-3ds-gamer-_JM","","","https://http2.mlstatic.com/videojuegos-D_Q_NP_422515-MLM25247907179_122016-H.jpg","Videojuego Hyrule Warriors Legends Nintendo 3ds Gamer","999","0","12","meses de","98","69","Envío gratis","","","Distrito Federal"
"http://articulo.mercadolibre.com.mx/MLM-571496415-videojuego-pokemon-omega-ruby-nintendo-3ds-gamer-_JM","Videojuego Pokemon Omega Ruby Nintendo 3ds Gamer","","http://articulo.mercadolibre.com.mx/MLM-571496415-videojuego-pokemon-omega-ruby-nintendo-3ds-gamer-_JM","","","https://http2.mlstatic.com/videojuegos-D_Q_NP_918515-MLM25247906714_122016-H.jpg","Videojuego Pokemon Omega Ruby Nintendo 3ds Gamer","999","0","12","meses de","98","69","Envío gratis","","","Distrito Federal"
"http://articulo.mercadolibre.com.mx/MLM-571496278-figura-amiibo-rover-serie-animal-croosing-nintendo-wii-u-_JM","Figura Amiibo Rover Serie Animal Croosing Nintendo Wii U","","http://articulo.mercadolibre.com.mx/MLM-571496278-figura-amiibo-rover-serie-animal-croosing-nintendo-wii-u-_JM","","","https://http2.mlstatic.com/amiibo-nintendo-D_Q_NP_217515-MLM25247901881_122016-H.jpg","Figura Amiibo Rover Serie Animal Croosing Nintendo Wii U","299","0","12","meses de","29","54","Envío gratis","","","Distrito Federal"
"http://articulo.mercadolibre.com.mx/MLM-571496312-videojuego-splatoon-nintendo-wii-u-gamer-_JM","Videojuego Splatoon Nintendo Wii U Gamer","","http://articulo.mercadolibre.com.mx/MLM-571496312-videojuego-splatoon-nintendo-wii-u-gamer-_JM","","","https://http2.mlstatic.com/videojuegos-D_Q_NP_680615-MLM25247906658_122016-H.jpg","Videojuego Splatoon Nintendo Wii U Gamer","1399","0","12","meses de","138","21","Envío gratis","","","Distrito Federal"